time,Open,High,Low,Close,Rejection
2016-12-14 01:00:00,1.0632,1.067,1.04683,1.04864,
2016-12-15 01:00:00,1.04867,1.05231,1.03666,1.04237,
2016-12-16 01:00:00,1.04235,1.04744,1.04008,1.04513,
2016-12-18 01:00:00,1.0441,1.04668,1.04378,1.04556,
2016-12-19 01:00:00,1.04554,1.04795,1.03926,1.04027,
2016-12-20 01:00:00,1.0403,1.04182,1.03524,1.03906,
2016-12-21 01:00:00,1.03908,1.04512,1.03826,1.04352,
2016-12-22 01:00:00,1.04354,1.04994,1.04294,1.04368,
2016-12-23 01:00:00,1.04368,1.04694,1.04267,1.04554,
2016-12-26 01:00:00,1.0454,1.0457,1.04454,1.04456,
2016-12-27 01:00:00,1.04454,1.04674,1.04324,1.04644,
2016-12-28 01:00:00,1.04641,1.04798,1.03723,1.04259,
2016-12-29 01:00:00,1.04256,1.0657,1.0425,1.0552,
2016-12-30 01:00:00,1.05516,1.05915,1.0506,1.05198,
2017-01-02 01:00:00,1.04684,1.04712,1.04567,1.04662,
2017-01-03 01:00:00,1.04665,1.04902,1.03406,1.03946,
2017-01-04 01:00:00,1.03948,1.05406,1.03899,1.05406,
2017-01-05 01:00:00,1.05408,1.06153,1.04827,1.05903,
2017-01-06 01:00:00,1.05905,1.06224,1.05251,1.05323,
2017-01-08 01:00:00,1.05304,1.05362,1.05221,1.05352,
2017-01-09 01:00:00,1.05348,1.05995,1.0511,1.059,
2017-01-10 01:00:00,1.05902,1.06274,1.0551,1.05578,
2017-01-11 01:00:00,1.0558,1.0623,1.04539,1.05821,
2017-01-12 01:00:00,1.05818,1.06848,1.05761,1.06095,
2017-01-13 01:00:00,1.06098,1.06739,1.05962,1.06434,
2017-01-15 01:00:00,1.06051,1.06356,1.06051,1.0629,
2017-01-16 01:00:00,1.06292,1.06306,1.05794,1.06062,
2017-01-17 01:00:00,1.06064,1.07194,1.0601,1.07092,
2017-01-18 01:00:00,1.07095,1.07124,1.06223,1.06256,
2017-01-19 01:00:00,1.06258,1.06766,1.05895,1.06539,
2017-01-20 01:00:00,1.06536,1.07096,1.06252,1.07012,
2017-01-22 01:00:00,1.07014,1.07298,1.07014,1.0724,
2017-01-23 01:00:00,1.07238,1.07724,1.07064,1.07601,
2017-01-24 01:00:00,1.076,1.07751,1.07204,1.07312,
2017-01-25 01:00:00,1.0731,1.07698,1.07112,1.07628,
2017-01-26 01:00:00,1.07631,1.07656,1.06579,1.06828,
2017-01-27 01:00:00,1.0683,1.07251,1.06584,1.06981,
2017-01-29 01:00:00,1.07232,1.0727,1.0708,1.0723,
2017-01-30 01:00:00,1.07232,1.07404,1.06204,1.06973,
2017-01-31 01:00:00,1.06971,1.08124,1.06846,1.0796,
2017-02-01 01:00:00,1.07958,1.08074,1.0731,1.07826,
2017-02-02 01:00:00,1.0783,1.0829,1.07562,1.07611,
2017-02-03 01:00:00,1.07613,1.07976,1.07125,1.0785,
2017-02-05 01:00:00,1.07898,1.07914,1.07744,1.07844,
2017-02-06 01:00:00,1.07842,1.07887,1.07056,1.07308,
2017-02-07 01:00:00,1.07305,1.07358,1.06562,1.06781,
2017-02-08 01:00:00,1.06783,1.0714,1.06408,1.06878,
2017-02-09 01:00:00,1.06876,1.07096,1.06496,1.06554,
2017-02-10 01:00:00,1.06556,1.06678,1.06077,1.06412,
2017-02-12 01:00:00,1.06286,1.06372,1.06122,1.06216,
2017-02-13 01:00:00,1.06214,1.06583,1.05922,1.06004,
2017-02-14 01:00:00,1.06002,1.06335,1.05612,1.05688,
2017-02-15 01:00:00,1.05684,1.0623,1.05214,1.06212,
2017-02-16 01:00:00,1.0621,1.06792,1.06,1.0668,
2017-02-17 01:00:00,1.06678,1.06768,1.06056,1.06161,
2017-02-19 01:00:00,1.06082,1.06329,1.0608,1.06194,
2017-02-20 01:00:00,1.06192,1.06299,1.05862,1.05902,
2017-02-21 01:00:00,1.05904,1.0591,1.05258,1.05438,
2017-02-22 01:00:00,1.05436,1.05742,1.04938,1.05518,
2017-02-23 01:00:00,1.05516,1.05954,1.05378,1.0574,
2017-02-24 01:00:00,1.05742,1.06182,1.0557,1.0561,
2017-02-26 01:00:00,1.05634,1.05675,1.05518,1.0565,
2017-02-27 01:00:00,1.05648,1.06308,1.05616,1.05794,
2017-02-28 01:00:00,1.0579,1.06302,1.05602,1.05628,
2017-03-01 01:00:00,1.05627,1.05894,1.05144,1.05422,
2017-03-02 01:00:00,1.05425,1.05458,1.0495,1.05154,
2017-03-03 01:00:00,1.05154,1.06248,1.05107,1.0622,
2017-03-05 01:00:00,1.06092,1.06218,1.06004,1.06124,
2017-03-06 01:00:00,1.06124,1.06401,1.0573,1.05747,
2017-03-07 01:00:00,1.05744,1.06028,1.0558,1.0571,
2017-03-08 01:00:00,1.05714,1.05742,1.0535,1.0538,
2017-03-09 01:00:00,1.05378,1.06154,1.05252,1.05882,
2017-03-10 01:00:00,1.05883,1.0699,1.05838,1.06736,
2017-03-12 01:00:00,1.06784,1.06926,1.06772,1.06896,
2017-03-13 00:00:00,1.06894,1.07142,1.0645,1.06512,
2017-03-14 00:00:00,1.06512,1.06626,1.06005,1.06118,
2017-03-15 00:00:00,1.0612,1.074,1.06073,1.07374,
2017-03-16 00:00:00,1.07374,1.07748,1.07057,1.0772,
2017-03-17 00:00:00,1.07721,1.07827,1.07274,1.0738,
2017-03-19 00:00:00,1.07336,1.07456,1.07336,1.07423,
2017-03-20 00:00:00,1.07428,1.07776,1.0719,1.0737,
2017-03-21 00:00:00,1.07371,1.08194,1.07357,1.08126,
2017-03-22 00:00:00,1.08124,1.0825,1.0776,1.07892,
2017-03-23 00:00:00,1.07894,1.08049,1.0768,1.07833,
2017-03-24 00:00:00,1.07832,1.08181,1.07604,1.07978,
2017-03-26 00:00:00,1.0839,1.08498,1.0827,1.08454,
2017-03-27 00:00:00,1.08454,1.0906,1.08375,1.0861,
2017-03-28 00:00:00,1.08612,1.08726,1.0799,1.08164,
2017-03-29 00:00:00,1.08166,1.08265,1.07401,1.07586,
2017-03-30 00:00:00,1.07582,1.0768,1.06722,1.06878,
2017-03-31 00:00:00,1.06874,1.07018,1.06508,1.06548,
2017-04-02 00:00:00,1.06624,1.0674,1.06591,1.06691,
2017-04-03 00:00:00,1.06686,1.0681,1.06426,1.06702,
2017-04-04 00:00:00,1.06702,1.0685,1.06357,1.06782,
2017-04-05 00:00:00,1.06778,1.0689,1.0635,1.06719,
2017-04-06 00:00:00,1.06715,1.06844,1.0629,1.0644,
2017-04-07 00:00:00,1.06436,1.06657,1.05807,1.05902,
2017-04-09 00:00:00,1.05878,1.05899,1.05736,1.05806,
2017-04-10 00:00:00,1.05812,1.06068,1.05698,1.05974,
2017-04-11 00:00:00,1.05972,1.063,1.05784,1.06104,
2017-04-12 00:00:00,1.061,1.0675,1.0589,1.06703,
2017-04-13 00:00:00,1.067,1.0678,1.0609,1.06153,
2017-04-14 00:00:00,1.06155,1.063,1.06058,1.06129,
2017-04-16 00:00:00,1.06175,1.0618,1.06028,1.061,
2017-04-17 00:00:00,1.06096,1.06704,1.06086,1.06434,
2017-04-18 00:00:00,1.0643,1.07362,1.06374,1.07274,
2017-04-19 00:00:00,1.07278,1.0737,1.07002,1.07149,
2017-04-20 00:00:00,1.07146,1.07775,1.07072,1.07142,
2017-04-21 00:00:00,1.07138,1.0738,1.06824,1.07268,
2017-04-23 00:00:00,1.0893,1.09063,1.08648,1.08734,
2017-04-24 00:00:00,1.08732,1.08773,1.08209,1.0865,
2017-04-25 00:00:00,1.08652,1.095,1.08515,1.09278,
2017-04-26 00:00:00,1.0928,1.09508,1.08558,1.09086,
2017-04-27 00:00:00,1.09083,1.09329,1.08516,1.08654,
2017-04-28 00:00:00,1.08658,1.09472,1.08572,1.08962,
2017-04-30 00:00:00,1.0913,1.0913,1.08924,1.09059,
2017-05-01 00:00:00,1.09062,1.09238,1.08842,1.09086,
2017-05-02 00:00:00,1.09088,1.09362,1.08884,1.0935,
2017-05-03 00:00:00,1.09352,1.09368,1.08816,1.08883,
2017-05-04 00:00:00,1.0888,1.09872,1.0875,1.09806,
2017-05-05 00:00:00,1.09809,1.09996,1.095,1.09989,
2017-05-07 00:00:00,1.102,1.10237,1.09634,1.0965,
2017-05-08 00:00:00,1.09647,1.09968,1.09165,1.09267,
2017-05-09 00:00:00,1.0927,1.09336,1.08636,1.08865,
2017-05-10 00:00:00,1.08862,1.08982,1.08534,1.08672,
2017-05-11 00:00:00,1.0867,1.0893,1.08393,1.08644,
2017-05-12 00:00:00,1.08642,1.09343,1.08557,1.09314,
2017-05-14 00:00:00,1.09304,1.09354,1.09229,1.09282,
2017-05-15 00:00:00,1.09279,1.09894,1.09228,1.098,
2017-05-16 00:00:00,1.09802,1.10972,1.09792,1.10936,
2017-05-17 00:00:00,1.10934,1.1171,1.10817,1.11542,
2017-05-18 00:00:00,1.1154,1.11719,1.1076,1.11102,
2017-05-19 00:00:00,1.111,1.12118,1.10998,1.12068,
2017-05-21 00:00:00,1.11962,1.12101,1.11962,1.12034,
2017-05-22 00:00:00,1.12032,1.12635,1.11616,1.12376,
2017-05-23 00:00:00,1.12374,1.12684,1.11752,1.11789,
2017-05-24 00:00:00,1.11792,1.12334,1.11687,1.12306,
2017-05-25 00:00:00,1.12308,1.12504,1.11936,1.12102,
2017-05-26 00:00:00,1.12104,1.12345,1.11606,1.11813,
2017-05-28 00:00:00,1.11738,1.11848,1.11685,1.11761,
2017-05-29 00:00:00,1.11758,1.11899,1.11274,1.11292,
2017-05-30 00:00:00,1.11294,1.12054,1.11096,1.11729,
2017-05-31 00:00:00,1.11732,1.12524,1.11646,1.12391,
2017-06-01 00:00:00,1.12388,1.12566,1.12023,1.12128,
2017-06-02 00:00:00,1.12131,1.12852,1.12052,1.12825,
2017-06-04 00:00:00,1.12736,1.12838,1.12733,1.12776,
2017-06-05 00:00:00,1.12778,1.12788,1.12343,1.12572,
2017-06-06 00:00:00,1.12576,1.12842,1.12404,1.12703,
2017-06-07 00:00:00,1.127,1.12824,1.12044,1.12558,
2017-06-08 00:00:00,1.12556,1.12692,1.11801,1.11886,
2017-06-09 00:00:00,1.11888,1.12158,1.11664,1.11959,
2017-06-11 00:00:00,1.12088,1.12095,1.11974,1.1202,
2017-06-12 00:00:00,1.12018,1.1232,1.1192,1.11976,
2017-06-13 00:00:00,1.11974,1.1225,1.11854,1.12093,
2017-06-14 00:00:00,1.12091,1.12958,1.11932,1.1213,
2017-06-15 00:00:00,1.12132,1.12285,1.11323,1.11489,
2017-06-16 00:00:00,1.11491,1.12018,1.11386,1.11966,
2017-06-18 00:00:00,1.12078,1.12103,1.1196,1.1204,
2017-06-19 00:00:00,1.12038,1.12127,1.11412,1.11446,
2017-06-20 00:00:00,1.11443,1.11649,1.11191,1.11366,
2017-06-21 00:00:00,1.11364,1.1169,1.11274,1.11668,
2017-06-22 00:00:00,1.11665,1.11779,1.11395,1.11498,
2017-06-23 00:00:00,1.11496,1.12088,1.11454,1.11938,
2017-06-25 00:00:00,1.12,1.12,1.1191,1.11998,
2017-06-26 00:00:00,1.11996,1.12197,1.1172,1.1183,
2017-06-27 00:00:00,1.11828,1.13494,1.11802,1.1337,
2017-06-28 00:00:00,1.13368,1.13908,1.12918,1.13784,
2017-06-29 00:00:00,1.13781,1.14454,1.13768,1.14396,
2017-06-30 00:00:00,1.14394,1.14444,1.13923,1.14252,
2017-07-02 00:00:00,1.14186,1.1427,1.1417,1.14232,
2017-07-03 00:00:00,1.14235,1.14248,1.13551,1.13726,
2017-07-04 00:00:00,1.13724,1.1377,1.13362,1.13594,
2017-07-05 00:00:00,1.13592,1.13684,1.13126,1.13464,
2017-07-06 00:00:00,1.13462,1.14256,1.13299,1.14216,
2017-07-07 00:00:00,1.14214,1.14397,1.13797,1.14001,
2017-07-09 00:00:00,1.13985,1.14038,1.13932,1.14035,
2017-07-10 00:00:00,1.14032,1.14181,1.13818,1.13963,
2017-07-11 00:00:00,1.1396,1.14797,1.13829,1.1474,
2017-07-12 00:00:00,1.14738,1.14894,1.13919,1.14186,
2017-07-13 00:00:00,1.14184,1.14558,1.13706,1.14045,
2017-07-14 00:00:00,1.14042,1.14718,1.13917,1.14688,
2017-07-16 00:00:00,1.14741,1.14748,1.1467,1.14741,
2017-07-17 00:00:00,1.14738,1.14871,1.1435,1.14735,
2017-07-18 00:00:00,1.14737,1.15832,1.14717,1.1548,
2017-07-19 00:00:00,1.15482,1.15534,1.15101,1.15288,
2017-07-20 00:00:00,1.15286,1.16582,1.14794,1.16282,
2017-07-21 00:00:00,1.16282,1.16826,1.16192,1.16642,
2017-07-23 00:00:00,1.16635,1.1682,1.16635,1.16814,
2017-07-24 00:00:00,1.16812,1.16845,1.16257,1.1639,
2017-07-25 00:00:00,1.1639,1.17124,1.16306,1.16446,
2017-07-26 00:00:00,1.16444,1.17479,1.16128,1.1732,
2017-07-27 00:00:00,1.17318,1.1777,1.16502,1.16898,
2017-07-28 00:00:00,1.16898,1.17644,1.16712,1.17498,
2017-07-30 00:00:00,1.17482,1.17623,1.17455,1.17471,
2017-07-31 00:00:00,1.17477,1.1846,1.17232,1.1821,
2017-08-01 00:00:00,1.18207,1.18394,1.1785,1.18109,
2017-08-02 00:00:00,1.1811,1.19108,1.17942,1.18512,
2017-08-03 00:00:00,1.18512,1.18932,1.18306,1.18826,
2017-08-04 00:00:00,1.1882,1.18896,1.17284,1.17734,
2017-08-06 00:00:00,1.17738,1.1793,1.17717,1.1777,
2017-08-07 00:00:00,1.17773,1.18142,1.17767,1.17996,
2017-08-08 00:00:00,1.17998,1.18242,1.17154,1.17546,
2017-08-09 00:00:00,1.17542,1.17701,1.16888,1.17634,
2017-08-10 00:00:00,1.17632,1.1785,1.17042,1.177,
2017-08-11 00:00:00,1.177,1.18476,1.17484,1.18219,
2017-08-13 00:00:00,1.1822,1.18288,1.18187,1.18252,
2017-08-14 00:00:00,1.18252,1.18384,1.17684,1.17756,
2017-08-15 00:00:00,1.1776,1.17928,1.16873,1.17406,
2017-08-16 00:00:00,1.17404,1.17797,1.16813,1.17739,
2017-08-17 00:00:00,1.17734,1.17902,1.16622,1.1716,
2017-08-18 00:00:00,1.17163,1.17749,1.17101,1.17607,
2017-08-20 00:00:00,1.1755,1.17642,1.17502,1.17558,
2017-08-21 00:00:00,1.1756,1.1828,1.17314,1.18116,
2017-08-22 00:00:00,1.18116,1.18244,1.17454,1.17616,
2017-08-23 00:00:00,1.17621,1.18232,1.17402,1.18158,
2017-08-24 00:00:00,1.18156,1.1817,1.17842,1.17978,
2017-08-25 00:00:00,1.17972,1.19415,1.17736,1.19232,
2017-08-27 00:00:00,1.19458,1.19596,1.19408,1.19511,
2017-08-28 00:00:00,1.19516,1.19865,1.19171,1.1964,
2017-08-29 00:00:00,1.19638,1.20705,1.19461,1.197,
2017-08-30 00:00:00,1.19703,1.19845,1.1881,1.18908,
2017-08-31 00:00:00,1.1891,1.19234,1.18232,1.19094,
2017-09-01 00:00:00,1.19088,1.198,1.18498,1.18598,
2017-09-03 00:00:00,1.18842,1.18897,1.18737,1.18819,
2017-09-04 00:00:00,1.18818,1.19224,1.1878,1.1893,
2017-09-05 00:00:00,1.18935,1.1941,1.18684,1.19239,
2017-09-06 00:00:00,1.19234,1.19504,1.19032,1.19264,
2017-09-07 00:00:00,1.19263,1.20594,1.19144,1.2028,
2017-09-08 00:00:00,1.20282,1.20928,1.2015,1.20353,
2017-09-10 00:00:00,1.20179,1.2029,1.20113,1.20172,
2017-09-11 00:00:00,1.2017,1.20297,1.1948,1.1958,
2017-09-12 00:00:00,1.19579,1.19782,1.19264,1.19712,
2017-09-13 00:00:00,1.19718,1.19951,1.18728,1.1888,
2017-09-14 00:00:00,1.18886,1.19233,1.18373,1.19213,
2017-09-15 00:00:00,1.19218,1.19877,1.19008,1.19476,
2017-09-17 00:00:00,1.19205,1.195,1.19205,1.19379,
2017-09-18 00:00:00,1.19376,1.19692,1.19152,1.19602,
2017-09-19 00:00:00,1.19602,1.20067,1.19537,1.19926,
2017-09-20 00:00:00,1.19922,1.20353,1.18616,1.18745,
2017-09-21 00:00:00,1.18741,1.19538,1.1866,1.19448,
2017-09-22 00:00:00,1.19448,1.20044,1.19374,1.19478,
2017-09-24 00:00:00,1.18988,1.19272,1.18963,1.19266,
2017-09-25 00:00:00,1.19266,1.19363,1.18318,1.18561,
2017-09-26 00:00:00,1.18559,1.18616,1.17573,1.17844,
2017-09-27 00:00:00,1.17843,1.17955,1.1717,1.17495,
2017-09-28 00:00:00,1.17496,1.1804,1.17208,1.1781,
2017-09-29 00:00:00,1.17811,1.18328,1.17728,1.1815,
2017-10-01 00:00:00,1.17919,1.18156,1.1789,1.18082,
2017-10-02 00:00:00,1.18076,1.1808,1.173,1.17321,
2017-10-03 00:00:00,1.17322,1.17738,1.16962,1.1748,
2017-10-04 00:00:00,1.17478,1.17882,1.17464,1.1757,
2017-10-05 00:00:00,1.1757,1.1779,1.16992,1.1714,
2017-10-06 00:00:00,1.17146,1.17386,1.16692,1.17324,
2017-10-08 00:00:00,1.17298,1.17434,1.17297,1.17427,
2017-10-09 00:00:00,1.17424,1.17562,1.17197,1.17411,
2017-10-10 00:00:00,1.17406,1.18254,1.17406,1.1814,
2017-10-11 00:00:00,1.18137,1.18692,1.17951,1.18642,
2017-10-12 00:00:00,1.18636,1.188,1.18254,1.18311,
2017-10-13 00:00:00,1.18306,1.1875,1.18056,1.18234,
2017-10-15 00:00:00,1.1814,1.18668,1.18058,1.18146,
2017-10-16 00:00:00,1.18147,1.18196,1.17806,1.17946,
2017-10-17 00:00:00,1.17943,1.17954,1.17362,1.17712,
2017-10-18 00:00:00,1.1771,1.18054,1.17302,1.17943,
2017-10-19 00:00:00,1.17942,1.18582,1.17683,1.18489,
2017-10-20 00:00:00,1.1849,1.18584,1.17624,1.17799,
2017-10-22 00:00:00,1.17651,1.17748,1.17515,1.17548,
2017-10-23 00:00:00,1.17551,1.17774,1.17254,1.17548,
2017-10-24 00:00:00,1.17552,1.17933,1.17428,1.176,
2017-10-25 00:00:00,1.17594,1.18206,1.17531,1.18198,
2017-10-26 00:00:00,1.182,1.1837,1.16316,1.1638,
2017-10-27 00:00:00,1.16376,1.16439,1.15741,1.1608,
2017-10-29 00:00:00,1.16096,1.16165,1.15936,1.16055,
2017-10-30 00:00:00,1.16055,1.16578,1.15978,1.16515,
2017-10-31 00:00:00,1.16516,1.16614,1.16248,1.1652,
2017-11-01 00:00:00,1.16514,1.16575,1.16066,1.16282,
2017-11-02 00:00:00,1.16287,1.16878,1.16259,1.16586,
2017-11-03 00:00:00,1.16586,1.16914,1.15994,1.16101,
2017-11-05 00:00:00,1.16172,1.16182,1.15998,1.16054,
2017-11-06 01:00:00,1.16054,1.16244,1.15804,1.16137,
2017-11-07 01:00:00,1.16134,1.16154,1.15539,1.15935,
2017-11-08 01:00:00,1.15937,1.16114,1.1579,1.1588,
2017-11-09 01:00:00,1.1588,1.1655,1.15856,1.16526,
2017-11-10 01:00:00,1.16524,1.1678,1.16228,1.1665,
2017-11-12 01:00:00,1.16585,1.16657,1.16448,1.16487,
2017-11-13 01:00:00,1.16484,1.16764,1.16376,1.16712,
2017-11-14 01:00:00,1.16706,1.18052,1.16646,1.17925,
2017-11-15 01:00:00,1.17919,1.18612,1.17684,1.1781,
2017-11-16 01:00:00,1.17814,1.18009,1.17568,1.17896,
2017-11-17 01:00:00,1.1789,1.18216,1.17738,1.1791,
2017-11-19 01:00:00,1.1791,1.1791,1.17221,1.17439,
2017-11-20 01:00:00,1.17436,1.18083,1.17248,1.17432,
2017-11-21 01:00:00,1.1743,1.17578,1.1713,1.17408,
2017-11-22 01:00:00,1.17404,1.18268,1.17349,1.18144,
2017-11-23 01:00:00,1.18144,1.18558,1.18138,1.1843,
2017-11-24 01:00:00,1.18428,1.19442,1.18369,1.19325,
2017-11-26 01:00:00,1.19242,1.19361,1.19128,1.19155,
2017-11-27 01:00:00,1.19156,1.19612,1.18946,1.19071,
2017-11-28 01:00:00,1.19066,1.192,1.18272,1.18486,
2017-11-29 01:00:00,1.18488,1.18827,1.18166,1.18542,
2017-11-30 01:00:00,1.1854,1.19312,1.18086,1.1909,
2017-12-01 01:00:00,1.19084,1.19404,1.18508,1.18974,
2017-12-03 01:00:00,1.1865,1.18756,1.1856,1.18711,
2017-12-04 01:00:00,1.1871,1.1879,1.18293,1.18708,
2017-12-05 01:00:00,1.18712,1.18768,1.18006,1.18211,
2017-12-06 01:00:00,1.18208,1.18486,1.17804,1.17957,
2017-12-07 01:00:00,1.17958,1.18148,1.17664,1.17686,
2017-12-08 01:00:00,1.17686,1.17746,1.173,1.17721,
2017-12-10 01:00:00,1.17642,1.17744,1.17637,1.17714,
2017-12-11 01:00:00,1.17718,1.18118,1.17639,1.17756,
2017-12-12 01:00:00,1.1776,1.17926,1.17177,1.17472,
2017-12-13 01:00:00,1.17468,1.18408,1.17295,1.18395,
2017-12-14 01:00:00,1.184,1.18628,1.17644,1.17858,
2017-12-15 01:00:00,1.17852,1.18124,1.17488,1.17503,
2017-12-17 01:00:00,1.17459,1.1756,1.17382,1.17498,
2017-12-18 01:00:00,1.17492,1.18344,1.17489,1.17836,
2017-12-19 01:00:00,1.17836,1.1849,1.17766,1.18437,
2017-12-20 01:00:00,1.18442,1.19016,1.18291,1.18746,
2017-12-21 01:00:00,1.18748,1.18898,1.1817,1.18441,
2017-12-22 01:00:00,1.18444,1.18644,1.18286,1.18617,
2017-12-25 01:00:00,1.18688,1.18754,1.18608,1.18686,
2017-12-26 01:00:00,1.18687,1.18792,1.18466,1.18628,
2017-12-27 01:00:00,1.18624,1.19105,1.18578,1.19033,
2017-12-28 01:00:00,1.1903,1.19591,1.1901,1.19444,
2017-12-29 01:00:00,1.1944,1.20256,1.19368,1.20039,
2018-01-01 01:00:00,1.20071,1.20178,1.20019,1.20162,
2018-01-02 01:00:00,1.20168,1.20812,1.20079,1.20594,
2018-01-03 01:00:00,1.20589,1.20636,1.2001,1.20101,
2018-01-04 01:00:00,1.20098,1.2089,1.20048,1.20772,
2018-01-05 01:00:00,1.20774,1.20834,1.20208,1.20297,
2018-01-07 01:00:00,1.20271,1.20449,1.20266,1.20428,
2018-01-08 01:00:00,1.20431,1.20522,1.19558,1.19718,
2018-01-09 01:00:00,1.19718,1.19756,1.19159,1.19377,
2018-01-10 01:00:00,1.19372,1.20182,1.19235,1.19604,
2018-01-11 01:00:00,1.19604,1.20669,1.19295,1.20586,
2018-01-12 01:00:00,1.20584,1.22193,1.20403,1.21968,
2018-01-14 01:00:00,1.21935,1.22124,1.21878,1.21909,
2018-01-15 01:00:00,1.21906,1.22968,1.21892,1.2262,
2018-01-16 01:00:00,1.22622,1.2323,1.21952,1.23034,
2018-01-17 01:00:00,1.2304,1.2306,1.21653,1.21901,
2018-01-18 01:00:00,1.21906,1.2265,1.21735,1.22368,
2018-01-19 01:00:00,1.22366,1.22954,1.22152,1.22211,
2018-01-21 01:00:00,1.22716,1.22743,1.22342,1.22442,
2018-01-22 01:00:00,1.2244,1.22732,1.22141,1.22674,
2018-01-23 01:00:00,1.22672,1.23158,1.2223,1.23003,
2018-01-24 01:00:00,1.22997,1.24154,1.22932,1.23985,
2018-01-25 01:00:00,1.23986,1.25374,1.23642,1.2406,
2018-01-26 01:00:00,1.24058,1.2494,1.24033,1.24296,
2018-01-28 01:00:00,1.2428,1.24324,1.24134,1.2421,
2018-01-29 01:00:00,1.24212,1.24292,1.2337,1.23763,
2018-01-30 01:00:00,1.23766,1.24543,1.23349,1.24177,
2018-01-31 01:00:00,1.24176,1.24748,1.2387,1.2421,
2018-02-01 01:00:00,1.2421,1.25233,1.23849,1.25072,
2018-02-02 01:00:00,1.25066,1.25184,1.24092,1.24566,
2018-02-04 01:00:00,1.24359,1.24584,1.24242,1.24581,
2018-02-05 01:00:00,1.24578,1.2475,1.23625,1.23831,
2018-02-06 01:00:00,1.2383,1.24346,1.23138,1.23863,
2018-02-07 01:00:00,1.23862,1.24064,1.2246,1.22726,
2018-02-08 01:00:00,1.22723,1.2295,1.22122,1.2255,
2018-02-09 01:00:00,1.22548,1.22871,1.2206,1.22512,
2018-02-11 01:00:00,1.2249,1.22646,1.22418,1.22631,
2018-02-12 01:00:00,1.22628,1.23078,1.22352,1.22868,
2018-02-13 01:00:00,1.22866,1.23711,1.22844,1.23524,
2018-02-14 01:00:00,1.23526,1.247,1.2276,1.24538,
2018-02-15 01:00:00,1.24536,1.25108,1.24518,1.25048,
2018-02-16 01:00:00,1.25048,1.2556,1.23936,1.24097,
2018-02-18 01:00:00,1.24027,1.24294,1.24022,1.2423,
2018-02-19 01:00:00,1.24228,1.24354,1.23691,1.24065,
2018-02-20 01:00:00,1.24065,1.24066,1.23197,1.23351,
2018-02-21 01:00:00,1.23353,1.236,1.22654,1.22727,
2018-02-22 01:00:00,1.2273,1.23524,1.22596,1.2327,
2018-02-23 01:00:00,1.23264,1.23296,1.228,1.22957,
2018-02-25 01:00:00,1.22952,1.22956,1.22804,1.229,
2018-02-26 01:00:00,1.22898,1.2355,1.22776,1.23318,
2018-02-27 01:00:00,1.2332,1.23464,1.22212,1.22316,
2018-02-28 01:00:00,1.22314,1.22415,1.21834,1.21892,
2018-03-01 01:00:00,1.21894,1.22757,1.21542,1.22734,
2018-03-02 01:00:00,1.22728,1.2336,1.22514,1.23183,
2018-03-04 01:00:00,1.23336,1.23656,1.22995,1.23326,
2018-03-05 01:00:00,1.23324,1.23565,1.22689,1.23501,
2018-03-06 01:00:00,1.23498,1.24288,1.23284,1.24175,
2018-03-07 01:00:00,1.24176,1.24464,1.23849,1.24076,
2018-03-08 01:00:00,1.24082,1.24465,1.22978,1.23099,
2018-03-09 01:00:00,1.23098,1.23346,1.22728,1.23059,
2018-03-11 01:00:00,1.23138,1.23156,1.23063,1.23082,
2018-03-12 00:00:00,1.23082,1.23456,1.22904,1.23388,
2018-03-13 00:00:00,1.23384,1.24075,1.23146,1.23934,
2018-03-14 00:00:00,1.23934,1.24126,1.23471,1.23752,
2018-03-15 00:00:00,1.23752,1.2384,1.23002,1.23064,
2018-03-16 00:00:00,1.2306,1.23362,1.22604,1.22895,
2018-03-18 00:00:00,1.22863,1.22934,1.22801,1.22808,
2018-03-19 00:00:00,1.22804,1.2359,1.2258,1.23367,
2018-03-20 00:00:00,1.23365,1.23546,1.22398,1.2248,
2018-03-21 00:00:00,1.22476,1.23498,1.22466,1.23462,
2018-03-22 00:00:00,1.23463,1.23884,1.22853,1.23242,
2018-03-23 00:00:00,1.23236,1.23738,1.23171,1.23524,
2018-03-25 00:00:00,1.235,1.23679,1.235,1.23546,
2018-03-26 00:00:00,1.23543,1.24616,1.23518,1.24574,
2018-03-27 00:00:00,1.24574,1.24767,1.23722,1.24087,
2018-03-28 00:00:00,1.24085,1.24218,1.22999,1.23124,
2018-03-29 00:00:00,1.23119,1.23366,1.22842,1.23024,
2018-03-30 00:00:00,1.23022,1.23312,1.22904,1.23241,
2018-04-01 00:00:00,1.23213,1.23252,1.23128,1.23128,
2018-04-02 00:00:00,1.23124,1.2345,1.22814,1.2293,
2018-04-03 00:00:00,1.22926,1.23362,1.22534,1.22788,
2018-04-04 00:00:00,1.22788,1.23148,1.22569,1.22874,
2018-04-05 00:00:00,1.22874,1.22902,1.22184,1.22486,
2018-04-06 00:00:00,1.22488,1.22912,1.22149,1.22811,
2018-04-08 00:00:00,1.2287,1.2287,1.22658,1.22708,
2018-04-09 00:00:00,1.22708,1.23311,1.22604,1.23207,
2018-04-10 00:00:00,1.23212,1.23776,1.23027,1.2363,
2018-04-11 00:00:00,1.23634,1.23976,1.2347,1.2372,
2018-04-12 00:00:00,1.23725,1.23799,1.22991,1.23295,
2018-04-13 00:00:00,1.2329,1.23462,1.2307,1.23306,
2018-04-15 00:00:00,1.23342,1.23384,1.23246,1.23314,
2018-04-16 00:00:00,1.23314,1.23948,1.2324,1.2384,
2018-04-17 00:00:00,1.23838,1.2414,1.23362,1.23724,
2018-04-18 00:00:00,1.23724,1.23973,1.23416,1.23787,
2018-04-19 00:00:00,1.23789,1.24004,1.23292,1.23436,
2018-04-20 00:00:00,1.23436,1.23528,1.22498,1.22884,
2018-04-22 00:00:00,1.22735,1.22886,1.22726,1.22739,
2018-04-23 00:00:00,1.22744,1.22896,1.21975,1.22092,
2018-04-24 00:00:00,1.22092,1.22449,1.21817,1.22372,
2018-04-25 00:00:00,1.2237,1.2237,1.21599,1.21706,
2018-04-26 00:00:00,1.21712,1.22101,1.20965,1.21086,
2018-04-27 00:00:00,1.21083,1.2133,1.20556,1.21303,
2018-04-29 00:00:00,1.21245,1.21309,1.2119,1.21226,
2018-04-30 00:00:00,1.21222,1.2139,1.20646,1.2082,
2018-05-01 00:00:00,1.2082,1.2083,1.19812,1.1991,
2018-05-02 00:00:00,1.1991,1.2032,1.19376,1.19506,
2018-05-03 00:00:00,1.19511,1.20089,1.19476,1.1989,
2018-05-04 00:00:00,1.19892,1.19956,1.19102,1.19619,
2018-05-06 00:00:00,1.19581,1.19657,1.19546,1.19546,1.19546
2018-05-07 00:00:00,1.19544,1.19782,1.18972,1.19334,
2018-05-08 00:00:00,1.19336,1.19391,1.1838,1.18677,
2018-05-09 00:00:00,1.18677,1.1897,1.18224,1.18472,
2018-05-10 00:00:00,1.18471,1.19466,1.18437,1.19142,
2018-05-11 00:00:00,1.1914,1.19682,1.18912,1.1941,
2018-05-13 00:00:00,1.19436,1.1956,1.19396,1.19528,
2018-05-14 00:00:00,1.19525,1.19964,1.19228,1.1931,1.19228
2018-05-15 00:00:00,1.1931,1.19387,1.1817,1.18206,
2018-05-16 00:00:00,1.18213,1.18542,1.17632,1.18146,
2018-05-17 00:00:00,1.18142,1.18376,1.17763,1.17904,
2018-05-18 00:00:00,1.17899,1.18222,1.17499,1.17694,
2018-05-20 00:00:00,1.17728,1.17768,1.17603,1.17657,
2018-05-21 00:00:00,1.17656,1.17974,1.17164,1.179,
2018-05-22 00:00:00,1.17896,1.18301,1.17566,1.17882,
2018-05-23 00:00:00,1.17876,1.17891,1.16756,1.17091,
2018-05-24 00:00:00,1.17086,1.17506,1.16905,1.1722,
2018-05-25 00:00:00,1.1722,1.17339,1.16453,1.1649,
2018-05-27 00:00:00,1.16868,1.16924,1.16769,1.16884,
2018-05-28 00:00:00,1.16886,1.17288,1.16074,1.16264,
2018-05-29 00:00:00,1.16268,1.16397,1.151,1.15376,
2018-05-30 00:00:00,1.15375,1.16766,1.15184,1.16644,
2018-05-31 00:00:00,1.16644,1.17244,1.1641,1.16922,
2018-06-01 00:00:00,1.16924,1.17182,1.16174,1.16591,
2018-06-03 00:00:00,1.16591,1.16689,1.16591,1.16676,
2018-06-04 00:00:00,1.16671,1.17446,1.1667,1.17004,
2018-06-05 00:00:00,1.17002,1.17324,1.16525,1.17262,
2018-06-06 00:00:00,1.17266,1.17959,1.17139,1.17812,
2018-06-07 00:00:00,1.17815,1.18399,1.17808,1.17933,1.18399
2018-06-08 00:00:00,1.17932,1.18104,1.1727,1.1769,
2018-06-10 00:00:00,1.17752,1.1786,1.1771,1.17848,
2018-06-11 00:00:00,1.17846,1.18204,1.17712,1.17728,1.18204
2018-06-12 00:00:00,1.17722,1.18089,1.17332,1.17475,
2018-06-13 00:00:00,1.17476,1.18052,1.17254,1.18032,
2018-06-14 00:00:00,1.18034,1.18518,1.15604,1.15628,
2018-06-15 00:00:00,1.15634,1.16272,1.15431,1.16089,
2018-06-17 00:00:00,1.15884,1.16032,1.15884,1.1593,1.15884
2018-06-18 00:00:00,1.15929,1.16412,1.15654,1.16302,
2018-06-19 00:00:00,1.16301,1.16446,1.1531,1.1588,
2018-06-20 00:00:00,1.15887,1.16003,1.15356,1.15778,1.15356
2018-06-21 00:00:00,1.15775,1.16338,1.1508,1.16042,
2018-06-22 00:00:00,1.16044,1.16754,1.16006,1.16574,
2018-06-24 00:00:00,1.16647,1.16726,1.16594,1.16602,
2018-06-25 00:00:00,1.166,1.17134,1.16284,1.17012,
2018-06-26 00:00:00,1.17014,1.17212,1.16348,1.16493,
2018-06-27 00:00:00,1.16492,1.1672,1.15403,1.15631,
2018-06-28 00:00:00,1.15629,1.1601,1.15272,1.15636,
2018-06-29 00:00:00,1.1563,1.16904,1.1563,1.16847,
2018-07-01 00:00:00,1.16803,1.16918,1.16614,1.16782,
2018-07-02 00:00:00,1.16782,1.1679,1.15914,1.16418,
2018-07-03 00:00:00,1.16416,1.1673,1.16205,1.16588,
2018-07-04 00:00:00,1.16588,1.16818,1.16304,1.166,
2018-07-05 00:00:00,1.16602,1.17202,1.165,1.1692,
2018-07-06 00:00:00,1.16926,1.17684,1.16798,1.17457,
2018-07-08 00:00:00,1.17444,1.17546,1.17416,1.17516,
2018-07-09 00:00:00,1.17511,1.17908,1.17326,1.17558,
2018-07-10 00:00:00,1.17558,1.17628,1.16904,1.17279,
2018-07-11 00:00:00,1.17278,1.17588,1.16656,1.16751,
2018-07-12 00:00:00,1.16746,1.16962,1.16496,1.16645,
2018-07-13 00:00:00,1.16646,1.16873,1.16128,1.16858,1.16873
2018-07-15 00:00:00,1.16908,1.16934,1.1677,1.16786,
2018-07-16 00:00:00,1.16782,1.17256,1.16758,1.1709,
2018-07-17 00:00:00,1.17089,1.17448,1.16483,1.16536,
2018-07-18 00:00:00,1.1654,1.16652,1.16018,1.16452,1.16018
2018-07-19 00:00:00,1.16447,1.16789,1.15748,1.16548,1.15748
2018-07-20 00:00:00,1.16548,1.17386,1.16264,1.17227,
2018-07-22 00:00:00,1.17266,1.17456,1.17226,1.17408,
2018-07-23 00:00:00,1.17408,1.17514,1.16836,1.16933,
2018-07-24 00:00:00,1.16934,1.17168,1.16546,1.16846,
2018-07-25 00:00:00,1.16845,1.17388,1.16642,1.17378,
2018-07-26 00:00:00,1.17378,1.17438,1.1638,1.1644,
2018-07-27 00:00:00,1.16442,1.16644,1.16204,1.16568,
2018-07-29 00:00:00,1.1657,1.16609,1.16545,1.16591,
2018-07-30 00:00:00,1.16586,1.17188,1.16484,1.17076,
2018-07-31 00:00:00,1.17082,1.17462,1.16844,1.16894,
2018-08-01 00:00:00,1.16888,1.16996,1.16574,1.16633,
2018-08-02 00:00:00,1.16635,1.16676,1.15816,1.1585,
2018-08-03 00:00:00,1.15849,1.16109,1.15596,1.15674,
2018-08-05 00:00:00,1.15688,1.1572,1.15602,1.15614,
2018-08-06 00:00:00,1.15614,1.15707,1.15298,1.15582,
2018-08-07 00:00:00,1.15576,1.16084,1.15514,1.16028,
2018-08-08 00:00:00,1.1603,1.1628,1.15732,1.16096,
2018-08-09 00:00:00,1.16098,1.16192,1.15162,1.15242,
2018-08-10 00:00:00,1.15244,1.15368,1.13882,1.14119,
2018-08-12 00:00:00,1.13715,1.14114,1.13709,1.13954,
2018-08-13 00:00:00,1.13954,1.14328,1.13652,1.14007,
2018-08-14 00:00:00,1.14008,1.14294,1.133,1.13468,
2018-08-15 00:00:00,1.13466,1.13554,1.1301,1.13416,
2018-08-16 00:00:00,1.13414,1.14091,1.13358,1.13716,
2018-08-17 00:00:00,1.13718,1.1445,1.13666,1.14376,
2018-08-19 00:00:00,1.14395,1.14409,1.14354,1.14375,
2018-08-20 00:00:00,1.14378,1.14935,1.13946,1.14918,
2018-08-21 00:00:00,1.14913,1.16015,1.14856,1.15763,
2018-08-22 00:00:00,1.15764,1.1623,1.15532,1.15858,
2018-08-23 00:00:00,1.15852,1.15908,1.15299,1.15422,
2018-08-24 00:00:00,1.15423,1.16402,1.1538,1.1622,
2018-08-26 00:00:00,1.16154,1.1654,1.16154,1.16454,
2018-08-27 00:00:00,1.16454,1.1694,1.15947,1.16842,
2018-08-28 00:00:00,1.16844,1.17337,1.16623,1.16932,
2018-08-29 00:00:00,1.16926,1.17105,1.16521,1.17096,1.17105
2018-08-30 00:00:00,1.1709,1.17185,1.16416,1.16656,
2018-08-31 00:00:00,1.16658,1.16912,1.15844,1.16019,
2018-09-02 00:00:00,1.15982,1.16051,1.15927,1.15982,
2018-09-03 00:00:00,1.15976,1.16279,1.15894,1.1614,
2018-09-04 00:00:00,1.16141,1.16142,1.15302,1.15872,1.16142
2018-09-05 00:00:00,1.15874,1.1641,1.15432,1.16344,
2018-09-06 00:00:00,1.16344,1.16594,1.16054,1.162,
2018-09-07 00:00:00,1.16202,1.16496,1.15505,1.15521,
2018-09-09 00:00:00,1.15477,1.15608,1.15477,1.15608,
2018-09-10 00:00:00,1.15604,1.16164,1.1526,1.15939,
2018-09-11 00:00:00,1.1594,1.1644,1.15656,1.15956,
2018-09-12 00:00:00,1.15953,1.165,1.15702,1.16258,
2018-09-13 00:00:00,1.16256,1.17012,1.1609,1.1691,
2018-09-14 00:00:00,1.16912,1.17218,1.16207,1.1625,1.17218
2018-09-16 00:00:00,1.1626,1.1634,1.16219,1.16238,1.1634
2018-09-17 00:00:00,1.16239,1.1698,1.16178,1.16686,
2018-09-18 00:00:00,1.16688,1.17248,1.1652,1.1678,1.17248
2018-09-19 00:00:00,1.16781,1.17152,1.165,1.16738,
2018-09-20 00:00:00,1.16732,1.16922,1.16722,1.1686,
